campaign,channel,objective,spend,impressions,clicks,leads,customers,revenue,repeat_customers
DEMO | Deep Tissue Search,Google Search,Acquire high-intent bookings,650,12000,720,90,24,2880,6
DEMO | Pregnancy Search,Google Search,Acquire high-intent bookings,420,7200,390,46,11,1430,3
DEMO | Signature Packages,Meta Paid Social,Generate package purchases,600,30000,780,68,15,2700,3
DEMO | Stress Relief Creative,Meta Paid Social,Generate first-time bookings,480,26000,590,52,5,650,1
DEMO | Deep Tissue Organic,Organic Search,Capture non-paid high intent,0,15000,1300,110,30,3600,9
DEMO | Pregnancy Guide,Organic Search,Create search-led demand,0,12000,980,72,14,1680,4
DEMO | Bring-a-Friend Referral,Referral,Acquire referred customers,180,600,160,36,15,1800,6
DEMO | Local Fitness Partnership,Partnership,Acquire partner-referred customers,250,2500,210,32,9,1080,3
DEMO | Lapsed Customer Winback,Email / CRM,Reactivate previous customers,120,1400,310,60,12,1440,8
